ad_link,price,title,make_model_link,download_date_time,Unnamed: 0,car_make,id1,car_model,id2,link,Relevant
https://suchen.mobile.de/fahrzeuge/details.html?id=367386012&action=topOfPage&dam=0&isSearchRequest=true&ms=8600%3B40%3B%3B&pageNumber=1&ref=srp&refId=10b43190-7676-b44c-af7f-15f08e214448&s=Car&sb=rel&searchId=10b43190-7676-b44c-af7f-15f08e214448&vc=Car,338888,Ferrari 488 Spider / LIFT / KAMERA / KERAMIK,https://suchen.mobile.de/fahrzeuge/search.html?dam=0&isSearchRequest=true&ms=8600%3B40%3B%3B&ref=quickSearch&s=Car&sb=rel&vc=Car,20240214_063805,1015,Ferrari,8600,488 Spider,40,https://suchen.mobile.de/fahrzeuge/search.html?dam=0&isSearchRequest=true&ms=8600%3B40%3B%3B&ref=quickSearch&s=Car&sb=rel&vc=Car,x
https://suchen.mobile.de/fahrzeuge/details.html?id=367058945&dam=0&isSearchRequest=true&ms=8600%3B40%3B%3B&pageNumber=1&ref=srp&refId=10b43190-7676-b44c-af7f-15f08e214448&s=Car&sb=rel&searchId=10b43190-7676-b44c-af7f-15f08e214448&vc=Car,239000,Ferrari 488 Spider *AFS*Karbon*Lift*Kamera*HiFi*,https://suchen.mobile.de/fahrzeuge/search.html?dam=0&isSearchRequest=true&ms=8600%3B40%3B%3B&ref=quickSearch&s=Car&sb=rel&vc=Car,20240214_063805,1015,Ferrari,8600,488 Spider,40,https://suchen.mobile.de/fahrzeuge/search.html?dam=0&isSearchRequest=true&ms=8600%3B40%3B%3B&ref=quickSearch&s=Car&sb=rel&vc=Car,x
https://suchen.mobile.de/fahrzeuge/details.html?id=372842116&dam=0&isSearchRequest=true&ms=8600%3B40%3B%3B&pageNumber=1&ref=srp&refId=10b43190-7676-b44c-af7f-15f08e214448&s=Car&sb=rel&searchId=10b43190-7676-b44c-af7f-15f08e214448&vc=Car,162690,Ferrari 488 Spider *CARBON*LED*KERAMIK*DISPLAY*,https://suchen.mobile.de/fahrzeuge/search.html?dam=0&isSearchRequest=true&ms=8600%3B40%3B%3B&ref=quickSearch&s=Car&sb=rel&vc=Car,20240214_063805,1015,Ferrari,8600,488 Spider,40,https://suchen.mobile.de/fahrzeuge/search.html?dam=0&isSearchRequest=true&ms=8600%3B40%3B%3B&ref=quickSearch&s=Car&sb=rel&vc=Car,x
https://suchen.mobile.de/fahrzeuge/details.html?id=378293626&action=eyeCatcher&dam=0&isSearchRequest=true&ms=8600%3B40%3B%3B&pageNumber=1&ref=srp&refId=10b43190-7676-b44c-af7f-15f08e214448&s=Car&sb=rel&searchId=10b43190-7676-b44c-af7f-15f08e214448&vc=Car,228890,Ferrari 488 Spider*Lift*Carbon*Kameras*Beif.Display*Voll,https://suchen.mobile.de/fahrzeuge/search.html?dam=0&isSearchRequest=true&ms=8600%3B40%3B%3B&ref=quickSearch&s=Car&sb=rel&vc=Car,20240214_063805,1015,Ferrari,8600,488 Spider,40,https://suchen.mobile.de/fahrzeuge/search.html?dam=0&isSearchRequest=true&ms=8600%3B40%3B%3B&ref=quickSearch&s=Car&sb=rel&vc=Car,x
https://suchen.mobile.de/fahrzeuge/details.html?id=354970439&action=topInCategory&dam=0&isSearchRequest=true&ms=8600%3B40%3B%3B&pageNumber=1&ref=srp&refId=10b43190-7676-b44c-af7f-15f08e214448&s=Car&sb=rel&searchId=10b43190-7676-b44c-af7f-15f08e214448&vc=Car,319885,Ferrari 488 Spider Tailor Made 2. Hand - FERRARI DÜSSELD,https://suchen.mobile.de/fahrzeuge/search.html?dam=0&isSearchRequest=true&ms=8600%3B40%3B%3B&ref=quickSearch&s=Car&sb=rel&vc=Car,20240214_063805,1015,Ferrari,8600,488 Spider,40,https://suchen.mobile.de/fahrzeuge/search.html?dam=0&isSearchRequest=true&ms=8600%3B40%3B%3B&ref=quickSearch&s=Car&sb=rel&vc=Car,x
https://suchen.mobile.de/fahrzeuge/details.html?id=376100673&action=topInCategory&dam=0&isSearchRequest=true&ms=8600%3B40%3B%3B&pageNumber=1&ref=srp&refId=10b43190-7676-b44c-af7f-15f08e214448&s=Car&sb=rel&searchId=10b43190-7676-b44c-af7f-15f08e214448&vc=Car,252999,Ferrari 488 Spider ATELIER*CARBONFUL*RACINGSEAT*CAPRISTO,https://suchen.mobile.de/fahrzeuge/search.html?dam=0&isSearchRequest=true&ms=8600%3B40%3B%3B&ref=quickSearch&s=Car&sb=rel&vc=Car,20240214_063805,1015,Ferrari,8600,488 Spider,40,https://suchen.mobile.de/fahrzeuge/search.html?dam=0&isSearchRequest=true&ms=8600%3B40%3B%3B&ref=quickSearch&s=Car&sb=rel&vc=Car,x
https://suchen.mobile.de/fahrzeuge/details.html?id=370249597&action=topInCategory&dam=0&isSearchRequest=true&ms=8600%3B40%3B%3B&pageNumber=1&ref=srp&refId=10b43190-7676-b44c-af7f-15f08e214448&s=Car&sb=rel&searchId=10b43190-7676-b44c-af7f-15f08e214448&vc=Car,268900,Ferrari 488 Spider*Lift*PDC*RFK*elektr. Sitze*Mwst,https://suchen.mobile.de/fahrzeuge/search.html?dam=0&isSearchRequest=true&ms=8600%3B40%3B%3B&ref=quickSearch&s=Car&sb=rel&vc=Car,20240214_063805,1015,Ferrari,8600,488 Spider,40,https://suchen.mobile.de/fahrzeuge/search.html?dam=0&isSearchRequest=true&ms=8600%3B40%3B%3B&ref=quickSearch&s=Car&sb=rel&vc=Car,x
https://suchen.mobile.de/fahrzeuge/details.html?id=380498742&dam=0&isSearchRequest=true&ms=8600%3B40%3B%3B&pageNumber=1&ref=srp&refId=10b43190-7676-b44c-af7f-15f08e214448&s=Car&sb=rel&searchId=10b43190-7676-b44c-af7f-15f08e214448&vc=Car,219800,Ferrari 488 Spider   ***Ferrari Frankfurt***,https://suchen.mobile.de/fahrzeuge/search.html?dam=0&isSearchRequest=true&ms=8600%3B40%3B%3B&ref=quickSearch&s=Car&sb=rel&vc=Car,20240214_063805,1015,Ferrari,8600,488 Spider,40,https://suchen.mobile.de/fahrzeuge/search.html?dam=0&isSearchRequest=true&ms=8600%3B40%3B%3B&ref=quickSearch&s=Car&sb=rel&vc=Car,x
https://suchen.mobile.de/fahrzeuge/details.html?id=382130059&dam=0&isSearchRequest=true&ms=8600%3B40%3B%3B&pageNumber=1&ref=srp&refId=10b43190-7676-b44c-af7f-15f08e214448&s=Car&sb=rel&searchId=10b43190-7676-b44c-af7f-15f08e214448&vc=Car,242500,Ferrari 488 Spider ~Ferrari Munsterhuis~,https://suchen.mobile.de/fahrzeuge/search.html?dam=0&isSearchRequest=true&ms=8600%3B40%3B%3B&ref=quickSearch&s=Car&sb=rel&vc=Car,20240214_063805,1015,Ferrari,8600,488 Spider,40,https://suchen.mobile.de/fahrzeuge/search.html?dam=0&isSearchRequest=true&ms=8600%3B40%3B%3B&ref=quickSearch&s=Car&sb=rel&vc=Car,x
https://suchen.mobile.de/fahrzeuge/details.html?id=381541882&action=eyeCatcher&dam=0&isSearchRequest=true&ms=8600%3B40%3B%3B&pageNumber=1&ref=srp&refId=10b43190-7676-b44c-af7f-15f08e214448&s=Car&sb=rel&searchId=10b43190-7676-b44c-af7f-15f08e214448&vc=Car,220150,Ferrari 488 Spider CARBON LIFTER JBL ROSSO FUOCO,https://suchen.mobile.de/fahrzeuge/search.html?dam=0&isSearchRequest=true&ms=8600%3B40%3B%3B&ref=quickSearch&s=Car&sb=rel&vc=Car,20240214_063805,1015,Ferrari,8600,488 Spider,40,https://suchen.mobile.de/fahrzeuge/search.html?dam=0&isSearchRequest=true&ms=8600%3B40%3B%3B&ref=quickSearch&s=Car&sb=rel&vc=Car,x
https://suchen.mobile.de/fahrzeuge/details.html?id=367172648&dam=0&isSearchRequest=true&ms=8600%3B40%3B%3B&pageNumber=1&ref=srp&refId=10b43190-7676-b44c-af7f-15f08e214448&s=Car&sb=rel&searchId=10b43190-7676-b44c-af7f-15f08e214448&vc=Car,235000,Ferrari 488 Spider Carbon Lifting JBL 670hk,https://suchen.mobile.de/fahrzeuge/search.html?dam=0&isSearchRequest=true&ms=8600%3B40%3B%3B&ref=quickSearch&s=Car&sb=rel&vc=Car,20240214_063805,1015,Ferrari,8600,488 Spider,40,https://suchen.mobile.de/fahrzeuge/search.html?dam=0&isSearchRequest=true&ms=8600%3B40%3B%3B&ref=quickSearch&s=Car&sb=rel&vc=Car,x
https://suchen.mobile.de/fahrzeuge/details.html?id=383278936&dam=0&isSearchRequest=true&ms=8600%3B40%3B%3B&pageNumber=1&ref=srp&refId=10b43190-7676-b44c-af7f-15f08e214448&s=Car&sb=rel&searchId=10b43190-7676-b44c-af7f-15f08e214448&vc=Car,239880,Ferrari 488 Spider-Bicolor- Goldrake racing seats-Camera,https://suchen.mobile.de/fahrzeuge/search.html?dam=0&isSearchRequest=true&ms=8600%3B40%3B%3B&ref=quickSearch&s=Car&sb=rel&vc=Car,20240214_063805,1015,Ferrari,8600,488 Spider,40,https://suchen.mobile.de/fahrzeuge/search.html?dam=0&isSearchRequest=true&ms=8600%3B40%3B%3B&ref=quickSearch&s=Car&sb=rel&vc=Car,x
https://suchen.mobile.de/fahrzeuge/details.html?id=381677771&dam=0&isSearchRequest=true&ms=8600%3B40%3B%3B&pageNumber=1&ref=srp&refId=10b43190-7676-b44c-af7f-15f08e214448&s=Car&sb=rel&searchId=10b43190-7676-b44c-af7f-15f08e214448&vc=Car,239950,Ferrari 488 Spider ~Ferrari Munsterhuis~,https://suchen.mobile.de/fahrzeuge/search.html?dam=0&isSearchRequest=true&ms=8600%3B40%3B%3B&ref=quickSearch&s=Car&sb=rel&vc=Car,20240214_063805,1015,Ferrari,8600,488 Spider,40,https://suchen.mobile.de/fahrzeuge/search.html?dam=0&isSearchRequest=true&ms=8600%3B40%3B%3B&ref=quickSearch&s=Car&sb=rel&vc=Car,x
https://suchen.mobile.de/fahrzeuge/details.html?id=370726270&dam=0&isSearchRequest=true&ms=8600%3B40%3B%3B&pageNumber=1&ref=srp&refId=10b43190-7676-b44c-af7f-15f08e214448&s=Car&sb=rel&searchId=10b43190-7676-b44c-af7f-15f08e214448&vc=Car,238000,Ferrari 488 Spider *FERRARI DENMARK*,https://suchen.mobile.de/fahrzeuge/search.html?dam=0&isSearchRequest=true&ms=8600%3B40%3B%3B&ref=quickSearch&s=Car&sb=rel&vc=Car,20240214_063805,1015,Ferrari,8600,488 Spider,40,https://suchen.mobile.de/fahrzeuge/search.html?dam=0&isSearchRequest=true&ms=8600%3B40%3B%3B&ref=quickSearch&s=Car&sb=rel&vc=Car,x
https://suchen.mobile.de/fahrzeuge/details.html?id=374738988&dam=0&isSearchRequest=true&ms=8600%3B40%3B%3B&pageNumber=1&ref=srp&refId=10b43190-7676-b44c-af7f-15f08e214448&s=Car&sb=rel&searchId=10b43190-7676-b44c-af7f-15f08e214448&vc=Car,249900,Ferrari 488 Spider,https://suchen.mobile.de/fahrzeuge/search.html?dam=0&isSearchRequest=true&ms=8600%3B40%3B%3B&ref=quickSearch&s=Car&sb=rel&vc=Car,20240214_063805,1015,Ferrari,8600,488 Spider,40,https://suchen.mobile.de/fahrzeuge/search.html?dam=0&isSearchRequest=true&ms=8600%3B40%3B%3B&ref=quickSearch&s=Car&sb=rel&vc=Car,x
https://suchen.mobile.de/fahrzeuge/details.html?id=384003427&action=eyeCatcher&dam=0&isSearchRequest=true&ms=8600%3B40%3B%3B&pageNumber=1&ref=srp&refId=10b43190-7676-b44c-af7f-15f08e214448&s=Car&sb=rel&searchId=10b43190-7676-b44c-af7f-15f08e214448&vc=Car,279000,Ferrari 488 Spider Spider -,https://suchen.mobile.de/fahrzeuge/search.html?dam=0&isSearchRequest=true&ms=8600%3B40%3B%3B&ref=quickSearch&s=Car&sb=rel&vc=Car,20240214_063805,1015,Ferrari,8600,488 Spider,40,https://suchen.mobile.de/fahrzeuge/search.html?dam=0&isSearchRequest=true&ms=8600%3B40%3B%3B&ref=quickSearch&s=Car&sb=rel&vc=Car,x
https://suchen.mobile.de/fahrzeuge/details.html?id=376100673&dam=0&isSearchRequest=true&ms=8600%3B40%3B%3B&pageNumber=1&ref=srp&refId=10b43190-7676-b44c-af7f-15f08e214448&s=Car&sb=rel&searchId=10b43190-7676-b44c-af7f-15f08e214448&vc=Car,252999,Ferrari 488 Spider ATELIER*CARBONFUL*RACINGSEAT*CAPRISTO,https://suchen.mobile.de/fahrzeuge/search.html?dam=0&isSearchRequest=true&ms=8600%3B40%3B%3B&ref=quickSearch&s=Car&sb=rel&vc=Car,20240214_063805,1015,Ferrari,8600,488 Spider,40,https://suchen.mobile.de/fahrzeuge/search.html?dam=0&isSearchRequest=true&ms=8600%3B40%3B%3B&ref=quickSearch&s=Car&sb=rel&vc=Car,x
https://suchen.mobile.de/fahrzeuge/details.html?id=374297952&dam=0&isSearchRequest=true&ms=8600%3B40%3B%3B&pageNumber=1&ref=srp&refId=10b43190-7676-b44c-af7f-15f08e214448&s=Car&sb=rel&searchId=10b43190-7676-b44c-af7f-15f08e214448&vc=Car,267750,Ferrari 488 Spider  ATELIER JBL CARBON CAMERA,https://suchen.mobile.de/fahrzeuge/search.html?dam=0&isSearchRequest=true&ms=8600%3B40%3B%3B&ref=quickSearch&s=Car&sb=rel&vc=Car,20240214_063805,1015,Ferrari,8600,488 Spider,40,https://suchen.mobile.de/fahrzeuge/search.html?dam=0&isSearchRequest=true&ms=8600%3B40%3B%3B&ref=quickSearch&s=Car&sb=rel&vc=Car,x
https://suchen.mobile.de/fahrzeuge/details.html?id=370009027&dam=0&isSearchRequest=true&ms=8600%3B40%3B%3B&pageNumber=1&ref=srp&refId=10b43190-7676-b44c-af7f-15f08e214448&s=Car&sb=rel&searchId=10b43190-7676-b44c-af7f-15f08e214448&vc=Car,239885,Ferrari 488 Spider 1. Hand - FERRARI DÜSSELDORF -,https://suchen.mobile.de/fahrzeuge/search.html?dam=0&isSearchRequest=true&ms=8600%3B40%3B%3B&ref=quickSearch&s=Car&sb=rel&vc=Car,20240214_063805,1015,Ferrari,8600,488 Spider,40,https://suchen.mobile.de/fahrzeuge/search.html?dam=0&isSearchRequest=true&ms=8600%3B40%3B%3B&ref=quickSearch&s=Car&sb=rel&vc=Car,x
https://suchen.mobile.de/fahrzeuge/details.html?id=382147913&dam=0&isSearchRequest=true&ms=8600%3B40%3B%3B&pageNumber=1&ref=srp&refId=10b43190-7676-b44c-af7f-15f08e214448&s=Car&sb=rel&searchId=10b43190-7676-b44c-af7f-15f08e214448&vc=Car,251268,Ferrari 488 Spider *FERRARI SPIDER*,https://suchen.mobile.de/fahrzeuge/search.html?dam=0&isSearchRequest=true&ms=8600%3B40%3B%3B&ref=quickSearch&s=Car&sb=rel&vc=Car,20240214_063805,1015,Ferrari,8600,488 Spider,40,https://suchen.mobile.de/fahrzeuge/search.html?dam=0&isSearchRequest=true&ms=8600%3B40%3B%3B&ref=quickSearch&s=Car&sb=rel&vc=Car,x
https://suchen.mobile.de/fahrzeuge/details.html?id=376323045&dam=0&isSearchRequest=true&ms=8600%3B40%3B%3B&pageNumber=1&ref=srp&refId=10b43190-7676-b44c-af7f-15f08e214448&s=Car&sb=rel&searchId=10b43190-7676-b44c-af7f-15f08e214448&vc=Car,249000,Ferrari 488 Spider|Carbon|Lift|Camera|RacingSeats|1.Hand,https://suchen.mobile.de/fahrzeuge/search.html?dam=0&isSearchRequest=true&ms=8600%3B40%3B%3B&ref=quickSearch&s=Car&sb=rel&vc=Car,20240214_063805,1015,Ferrari,8600,488 Spider,40,https://suchen.mobile.de/fahrzeuge/search.html?dam=0&isSearchRequest=true&ms=8600%3B40%3B%3B&ref=quickSearch&s=Car&sb=rel&vc=Car,x
https://suchen.mobile.de/fahrzeuge/details.html?id=374307323&dam=0&isSearchRequest=true&ms=8600%3B40%3B%3B&pageNumber=1&ref=srp&refId=10b43190-7676-b44c-af7f-15f08e214448&s=Car&sb=rel&searchId=10b43190-7676-b44c-af7f-15f08e214448&vc=Car,298000,Ferrari 488 Spider Novitec*Capristo*Racing Seats *Carbon,https://suchen.mobile.de/fahrzeuge/search.html?dam=0&isSearchRequest=true&ms=8600%3B40%3B%3B&ref=quickSearch&s=Car&sb=rel&vc=Car,20240214_063805,1015,Ferrari,8600,488 Spider,40,https://suchen.mobile.de/fahrzeuge/search.html?dam=0&isSearchRequest=true&ms=8600%3B40%3B%3B&ref=quickSearch&s=Car&sb=rel&vc=Car,x
https://suchen.mobile.de/fahrzeuge/details.html?id=374060746&dam=0&isSearchRequest=true&ms=8600%3B40%3B%3B&pageNumber=1&ref=srp&refId=10b43190-7676-b44c-af7f-15f08e214448&s=Car&sb=rel&searchId=10b43190-7676-b44c-af7f-15f08e214448&vc=Car,259900,Ferrari 488 Spider*Lift*NAV*Racing*RFK*MWST,https://suchen.mobile.de/fahrzeuge/search.html?dam=0&isSearchRequest=true&ms=8600%3B40%3B%3B&ref=quickSearch&s=Car&sb=rel&vc=Car,20240214_063805,1015,Ferrari,8600,488 Spider,40,https://suchen.mobile.de/fahrzeuge/search.html?dam=0&isSearchRequest=true&ms=8600%3B40%3B%3B&ref=quickSearch&s=Car&sb=rel&vc=Car,x
https://suchen.mobile.de/fahrzeuge/details.html?id=379993666&dam=0&isSearchRequest=true&ms=8600%3B40%3B%3B&pageNumber=1&ref=srp&refId=10b43190-7676-b44c-af7f-15f08e214448&s=Car&sb=rel&searchId=10b43190-7676-b44c-af7f-15f08e214448&vc=Car,249900,Ferrari 488 Spider,https://suchen.mobile.de/fahrzeuge/search.html?dam=0&isSearchRequest=true&ms=8600%3B40%3B%3B&ref=quickSearch&s=Car&sb=rel&vc=Car,20240214_063805,1015,Ferrari,8600,488 Spider,40,https://suchen.mobile.de/fahrzeuge/search.html?dam=0&isSearchRequest=true&ms=8600%3B40%3B%3B&ref=quickSearch&s=Car&sb=rel&vc=Car,x
https://suchen.mobile.de/fahrzeuge/details.html?id=379131017&dam=0&isSearchRequest=true&ms=8600%3B40%3B%3B&pageNumber=2&ref=srp&refId=db1f0884-460f-fce0-b491-7a4e9342e97f&s=Car&sb=rel&searchId=db1f0884-460f-fce0-b491-7a4e9342e97f&vc=Car,238500,Ferrari 488 Spider Ferrari Garantie Hifi Premium Carbon,https://suchen.mobile.de/fahrzeuge/search.html?dam=0&isSearchRequest=true&ms=8600%3B40%3B%3B&ref=quickSearch&s=Car&sb=rel&vc=Car,20240214_063805,1015,Ferrari,8600,488 Spider,40,https://suchen.mobile.de/fahrzeuge/search.html?dam=0&isSearchRequest=true&ms=8600%3B40%3B%3B&ref=quickSearch&s=Car&sb=rel&vc=Car,x
https://suchen.mobile.de/fahrzeuge/details.html?id=376229966&dam=0&isSearchRequest=true&ms=8600%3B40%3B%3B&pageNumber=2&ref=srp&refId=db1f0884-460f-fce0-b491-7a4e9342e97f&s=Car&sb=rel&searchId=db1f0884-460f-fce0-b491-7a4e9342e97f&vc=Car,250000,Ferrari 488 Spider LIFT CAMERA JBL,https://suchen.mobile.de/fahrzeuge/search.html?dam=0&isSearchRequest=true&ms=8600%3B40%3B%3B&ref=quickSearch&s=Car&sb=rel&vc=Car,20240214_063805,1015,Ferrari,8600,488 Spider,40,https://suchen.mobile.de/fahrzeuge/search.html?dam=0&isSearchRequest=true&ms=8600%3B40%3B%3B&ref=quickSearch&s=Car&sb=rel&vc=Car,x
https://suchen.mobile.de/fahrzeuge/details.html?id=381118204&dam=0&isSearchRequest=true&ms=8600%3B40%3B%3B&pageNumber=2&ref=srp&refId=db1f0884-460f-fce0-b491-7a4e9342e97f&s=Car&sb=rel&searchId=db1f0884-460f-fce0-b491-7a4e9342e97f&vc=Car,249999,Ferrari 488 Spider Bi-Color *CARBON*RACING SEATS*PDC*,https://suchen.mobile.de/fahrzeuge/search.html?dam=0&isSearchRequest=true&ms=8600%3B40%3B%3B&ref=quickSearch&s=Car&sb=rel&vc=Car,20240214_063805,1015,Ferrari,8600,488 Spider,40,https://suchen.mobile.de/fahrzeuge/search.html?dam=0&isSearchRequest=true&ms=8600%3B40%3B%3B&ref=quickSearch&s=Car&sb=rel&vc=Car,x
https://suchen.mobile.de/fahrzeuge/details.html?id=370250074&dam=0&isSearchRequest=true&ms=8600%3B40%3B%3B&pageNumber=2&ref=srp&refId=db1f0884-460f-fce0-b491-7a4e9342e97f&s=Car&sb=rel&searchId=db1f0884-460f-fce0-b491-7a4e9342e97f&vc=Car,249900,Ferrari 488 Spider*Lift*NAV*Racing*RFK*MWST,https://suchen.mobile.de/fahrzeuge/search.html?dam=0&isSearchRequest=true&ms=8600%3B40%3B%3B&ref=quickSearch&s=Car&sb=rel&vc=Car,20240214_063805,1015,Ferrari,8600,488 Spider,40,https://suchen.mobile.de/fahrzeuge/search.html?dam=0&isSearchRequest=true&ms=8600%3B40%3B%3B&ref=quickSearch&s=Car&sb=rel&vc=Car,x
https://suchen.mobile.de/fahrzeuge/details.html?id=367626290&dam=0&isSearchRequest=true&ms=8600%3B40%3B%3B&pageNumber=2&ref=srp&refId=db1f0884-460f-fce0-b491-7a4e9342e97f&s=Car&sb=rel&searchId=db1f0884-460f-fce0-b491-7a4e9342e97f&vc=Car,329900,Ferrari 488 Spider*Lift*NAV*Racing*RFK*Miete*Mietkauf,https://suchen.mobile.de/fahrzeuge/search.html?dam=0&isSearchRequest=true&ms=8600%3B40%3B%3B&ref=quickSearch&s=Car&sb=rel&vc=Car,20240214_063805,1015,Ferrari,8600,488 Spider,40,https://suchen.mobile.de/fahrzeuge/search.html?dam=0&isSearchRequest=true&ms=8600%3B40%3B%3B&ref=quickSearch&s=Car&sb=rel&vc=Car,x
https://suchen.mobile.de/fahrzeuge/details.html?id=373634385&dam=0&isSearchRequest=true&ms=8600%3B40%3B%3B&pageNumber=2&ref=srp&refId=db1f0884-460f-fce0-b491-7a4e9342e97f&s=Car&sb=rel&searchId=db1f0884-460f-fce0-b491-7a4e9342e97f&vc=Car,285900,Ferrari 488 Spider GARANTIE LIFT CARBON KLIMA KAMERAS,https://suchen.mobile.de/fahrzeuge/search.html?dam=0&isSearchRequest=true&ms=8600%3B40%3B%3B&ref=quickSearch&s=Car&sb=rel&vc=Car,20240214_063805,1015,Ferrari,8600,488 Spider,40,https://suchen.mobile.de/fahrzeuge/search.html?dam=0&isSearchRequest=true&ms=8600%3B40%3B%3B&ref=quickSearch&s=Car&sb=rel&vc=Car,x
https://suchen.mobile.de/fahrzeuge/details.html?id=378386867&action=eyeCatcher&dam=0&isSearchRequest=true&ms=8600%3B40%3B%3B&pageNumber=2&ref=srp&refId=db1f0884-460f-fce0-b491-7a4e9342e97f&s=Car&sb=rel&searchId=db1f0884-460f-fce0-b491-7a4e9342e97f&vc=Car,250000,Ferrari 488 Spider Carbon Warranty Bianco Italia JBL ,https://suchen.mobile.de/fahrzeuge/search.html?dam=0&isSearchRequest=true&ms=8600%3B40%3B%3B&ref=quickSearch&s=Car&sb=rel&vc=Car,20240214_063805,1015,Ferrari,8600,488 Spider,40,https://suchen.mobile.de/fahrzeuge/search.html?dam=0&isSearchRequest=true&ms=8600%3B40%3B%3B&ref=quickSearch&s=Car&sb=rel&vc=Car,x
https://suchen.mobile.de/fahrzeuge/details.html?id=379819277&dam=0&isSearchRequest=true&ms=8600%3B40%3B%3B&pageNumber=2&ref=srp&refId=db1f0884-460f-fce0-b491-7a4e9342e97f&s=Car&sb=rel&searchId=db1f0884-460f-fce0-b491-7a4e9342e97f&vc=Car,240522,Ferrari 488 Spider,https://suchen.mobile.de/fahrzeuge/search.html?dam=0&isSearchRequest=true&ms=8600%3B40%3B%3B&ref=quickSearch&s=Car&sb=rel&vc=Car,20240214_063805,1015,Ferrari,8600,488 Spider,40,https://suchen.mobile.de/fahrzeuge/search.html?dam=0&isSearchRequest=true&ms=8600%3B40%3B%3B&ref=quickSearch&s=Car&sb=rel&vc=Car,x
https://suchen.mobile.de/fahrzeuge/details.html?id=379017509&dam=0&isSearchRequest=true&ms=8600%3B40%3B%3B&pageNumber=2&ref=srp&refId=db1f0884-460f-fce0-b491-7a4e9342e97f&s=Car&sb=rel&searchId=db1f0884-460f-fce0-b491-7a4e9342e97f&vc=Car,242900,Ferrari 488 Spider*Atelier*Lift*Carbon*Display*,https://suchen.mobile.de/fahrzeuge/search.html?dam=0&isSearchRequest=true&ms=8600%3B40%3B%3B&ref=quickSearch&s=Car&sb=rel&vc=Car,20240214_063805,1015,Ferrari,8600,488 Spider,40,https://suchen.mobile.de/fahrzeuge/search.html?dam=0&isSearchRequest=true&ms=8600%3B40%3B%3B&ref=quickSearch&s=Car&sb=rel&vc=Car,x
https://suchen.mobile.de/fahrzeuge/details.html?id=364045208&dam=0&isSearchRequest=true&ms=8600%3B40%3B%3B&pageNumber=2&ref=srp&refId=db1f0884-460f-fce0-b491-7a4e9342e97f&s=Car&sb=rel&searchId=db1f0884-460f-fce0-b491-7a4e9342e97f&vc=Car,254990,Ferrari 488 Spider *CARBON PAKET*NEUZUSTAND*,https://suchen.mobile.de/fahrzeuge/search.html?dam=0&isSearchRequest=true&ms=8600%3B40%3B%3B&ref=quickSearch&s=Car&sb=rel&vc=Car,20240214_063805,1015,Ferrari,8600,488 Spider,40,https://suchen.mobile.de/fahrzeuge/search.html?dam=0&isSearchRequest=true&ms=8600%3B40%3B%3B&ref=quickSearch&s=Car&sb=rel&vc=Car,x
https://suchen.mobile.de/fahrzeuge/details.html?id=380051828&dam=0&isSearchRequest=true&ms=8600%3B40%3B%3B&pageNumber=2&ref=srp&refId=db1f0884-460f-fce0-b491-7a4e9342e97f&s=Car&sb=rel&searchId=db1f0884-460f-fce0-b491-7a4e9342e97f&vc=Car,302016,Ferrari 488 Spider,https://suchen.mobile.de/fahrzeuge/search.html?dam=0&isSearchRequest=true&ms=8600%3B40%3B%3B&ref=quickSearch&s=Car&sb=rel&vc=Car,20240214_063805,1015,Ferrari,8600,488 Spider,40,https://suchen.mobile.de/fahrzeuge/search.html?dam=0&isSearchRequest=true&ms=8600%3B40%3B%3B&ref=quickSearch&s=Car&sb=rel&vc=Car,x
https://suchen.mobile.de/fahrzeuge/details.html?id=377470100&dam=0&isSearchRequest=true&ms=8600%3B40%3B%3B&pageNumber=2&ref=srp&refId=db1f0884-460f-fce0-b491-7a4e9342e97f&s=Car&sb=rel&searchId=db1f0884-460f-fce0-b491-7a4e9342e97f&vc=Car,267900,Ferrari 488 Spider,https://suchen.mobile.de/fahrzeuge/search.html?dam=0&isSearchRequest=true&ms=8600%3B40%3B%3B&ref=quickSearch&s=Car&sb=rel&vc=Car,20240214_063805,1015,Ferrari,8600,488 Spider,40,https://suchen.mobile.de/fahrzeuge/search.html?dam=0&isSearchRequest=true&ms=8600%3B40%3B%3B&ref=quickSearch&s=Car&sb=rel&vc=Car,x
https://suchen.mobile.de/fahrzeuge/details.html?id=366780784&dam=0&isSearchRequest=true&ms=8600%3B40%3B%3B&pageNumber=2&ref=srp&refId=db1f0884-460f-fce0-b491-7a4e9342e97f&s=Car&sb=rel&searchId=db1f0884-460f-fce0-b491-7a4e9342e97f&vc=Car,275000,Ferrari 488 Spider PDC,https://suchen.mobile.de/fahrzeuge/search.html?dam=0&isSearchRequest=true&ms=8600%3B40%3B%3B&ref=quickSearch&s=Car&sb=rel&vc=Car,20240214_063805,1015,Ferrari,8600,488 Spider,40,https://suchen.mobile.de/fahrzeuge/search.html?dam=0&isSearchRequest=true&ms=8600%3B40%3B%3B&ref=quickSearch&s=Car&sb=rel&vc=Car,x
https://suchen.mobile.de/fahrzeuge/details.html?id=383679903&dam=0&isSearchRequest=true&ms=8600%3B40%3B%3B&pageNumber=2&ref=srp&refId=db1f0884-460f-fce0-b491-7a4e9342e97f&s=Car&sb=rel&searchId=db1f0884-460f-fce0-b491-7a4e9342e97f&vc=Car,243800,Ferrari 488 Spider Liftsystem Service NEU German Car,https://suchen.mobile.de/fahrzeuge/search.html?dam=0&isSearchRequest=true&ms=8600%3B40%3B%3B&ref=quickSearch&s=Car&sb=rel&vc=Car,20240214_063805,1015,Ferrari,8600,488 Spider,40,https://suchen.mobile.de/fahrzeuge/search.html?dam=0&isSearchRequest=true&ms=8600%3B40%3B%3B&ref=quickSearch&s=Car&sb=rel&vc=Car,x
https://suchen.mobile.de/fahrzeuge/details.html?id=376341465&dam=0&isSearchRequest=true&ms=8600%3B40%3B%3B&pageNumber=2&ref=srp&refId=db1f0884-460f-fce0-b491-7a4e9342e97f&s=Car&sb=rel&searchId=db1f0884-460f-fce0-b491-7a4e9342e97f&vc=Car,269995,Ferrari 488 Spider HELE Carbon Sport Stoelen 3.9 V8 488,https://suchen.mobile.de/fahrzeuge/search.html?dam=0&isSearchRequest=true&ms=8600%3B40%3B%3B&ref=quickSearch&s=Car&sb=rel&vc=Car,20240214_063805,1015,Ferrari,8600,488 Spider,40,https://suchen.mobile.de/fahrzeuge/search.html?dam=0&isSearchRequest=true&ms=8600%3B40%3B%3B&ref=quickSearch&s=Car&sb=rel&vc=Car,x
https://suchen.mobile.de/fahrzeuge/details.html?id=373779811&dam=0&isSearchRequest=true&ms=8600%3B40%3B%3B&pageNumber=2&ref=srp&refId=db1f0884-460f-fce0-b491-7a4e9342e97f&s=Car&sb=rel&searchId=db1f0884-460f-fce0-b491-7a4e9342e97f&vc=Car,267750,Ferrari 488 Spider *FERRARI DENMARK,https://suchen.mobile.de/fahrzeuge/search.html?dam=0&isSearchRequest=true&ms=8600%3B40%3B%3B&ref=quickSearch&s=Car&sb=rel&vc=Car,20240214_063805,1015,Ferrari,8600,488 Spider,40,https://suchen.mobile.de/fahrzeuge/search.html?dam=0&isSearchRequest=true&ms=8600%3B40%3B%3B&ref=quickSearch&s=Car&sb=rel&vc=Car,x
https://suchen.mobile.de/fahrzeuge/details.html?id=377983380&dam=0&isSearchRequest=true&ms=8600%3B40%3B%3B&pageNumber=2&ref=srp&refId=db1f0884-460f-fce0-b491-7a4e9342e97f&s=Car&sb=rel&searchId=db1f0884-460f-fce0-b491-7a4e9342e97f&vc=Car,256900,Ferrari 488 Spider Ferrari Singen,https://suchen.mobile.de/fahrzeuge/search.html?dam=0&isSearchRequest=true&ms=8600%3B40%3B%3B&ref=quickSearch&s=Car&sb=rel&vc=Car,20240214_063805,1015,Ferrari,8600,488 Spider,40,https://suchen.mobile.de/fahrzeuge/search.html?dam=0&isSearchRequest=true&ms=8600%3B40%3B%3B&ref=quickSearch&s=Car&sb=rel&vc=Car,x
https://suchen.mobile.de/fahrzeuge/details.html?id=377504592&dam=0&isSearchRequest=true&ms=8600%3B40%3B%3B&pageNumber=2&ref=srp&refId=db1f0884-460f-fce0-b491-7a4e9342e97f&s=Car&sb=rel&searchId=db1f0884-460f-fce0-b491-7a4e9342e97f&vc=Car,264900,Ferrari 488 Spider*21-Zoll*Novitec*Lift*Display*LED´s*,https://suchen.mobile.de/fahrzeuge/search.html?dam=0&isSearchRequest=true&ms=8600%3B40%3B%3B&ref=quickSearch&s=Car&sb=rel&vc=Car,20240214_063805,1015,Ferrari,8600,488 Spider,40,https://suchen.mobile.de/fahrzeuge/search.html?dam=0&isSearchRequest=true&ms=8600%3B40%3B%3B&ref=quickSearch&s=Car&sb=rel&vc=Car,x
https://suchen.mobile.de/fahrzeuge/details.html?id=374254245&action=eyeCatcher&dam=0&isSearchRequest=true&ms=8600%3B40%3B%3B&pageNumber=2&ref=srp&refId=db1f0884-460f-fce0-b491-7a4e9342e97f&s=Car&sb=rel&searchId=db1f0884-460f-fce0-b491-7a4e9342e97f&vc=Car,249900,Ferrari 488 Spider Spider - Lift - 1 Hand - Unfallfrei,https://suchen.mobile.de/fahrzeuge/search.html?dam=0&isSearchRequest=true&ms=8600%3B40%3B%3B&ref=quickSearch&s=Car&sb=rel&vc=Car,20240214_063805,1015,Ferrari,8600,488 Spider,40,https://suchen.mobile.de/fahrzeuge/search.html?dam=0&isSearchRequest=true&ms=8600%3B40%3B%3B&ref=quickSearch&s=Car&sb=rel&vc=Car,x
https://suchen.mobile.de/fahrzeuge/details.html?id=371763513&dam=0&isSearchRequest=true&ms=8600%3B40%3B%3B&pageNumber=2&ref=srp&refId=db1f0884-460f-fce0-b491-7a4e9342e97f&s=Car&sb=rel&searchId=db1f0884-460f-fce0-b491-7a4e9342e97f&vc=Car,279880,Ferrari 488 Spider,https://suchen.mobile.de/fahrzeuge/search.html?dam=0&isSearchRequest=true&ms=8600%3B40%3B%3B&ref=quickSearch&s=Car&sb=rel&vc=Car,20240214_063805,1015,Ferrari,8600,488 Spider,40,https://suchen.mobile.de/fahrzeuge/search.html?dam=0&isSearchRequest=true&ms=8600%3B40%3B%3B&ref=quickSearch&s=Car&sb=rel&vc=Car,x
https://suchen.mobile.de/fahrzeuge/details.html?id=375662695&dam=0&isSearchRequest=true&ms=8600%3B40%3B%3B&pageNumber=3&ref=srp&refId=672db2cd-9b3a-33c2-a00f-f0fb9f5e5361&s=Car&sb=rel&searchId=672db2cd-9b3a-33c2-a00f-f0fb9f5e5361&vc=Car,269890,"Ferrari 488 Spider Tailor made Sondermodell 3,99%",https://suchen.mobile.de/fahrzeuge/search.html?dam=0&isSearchRequest=true&ms=8600%3B40%3B%3B&ref=quickSearch&s=Car&sb=rel&vc=Car,20240214_063805,1015,Ferrari,8600,488 Spider,40,https://suchen.mobile.de/fahrzeuge/search.html?dam=0&isSearchRequest=true&ms=8600%3B40%3B%3B&ref=quickSearch&s=Car&sb=rel&vc=Car,x
https://suchen.mobile.de/fahrzeuge/details.html?id=383380327&dam=0&isSearchRequest=true&ms=8600%3B40%3B%3B&pageNumber=3&ref=srp&refId=672db2cd-9b3a-33c2-a00f-f0fb9f5e5361&s=Car&sb=rel&searchId=672db2cd-9b3a-33c2-a00f-f0fb9f5e5361&vc=Car,269488,Ferrari 488 Spider*Daytona Racing Seats*CARBON*Rear-Cam*,https://suchen.mobile.de/fahrzeuge/search.html?dam=0&isSearchRequest=true&ms=8600%3B40%3B%3B&ref=quickSearch&s=Car&sb=rel&vc=Car,20240214_063805,1015,Ferrari,8600,488 Spider,40,https://suchen.mobile.de/fahrzeuge/search.html?dam=0&isSearchRequest=true&ms=8600%3B40%3B%3B&ref=quickSearch&s=Car&sb=rel&vc=Car,x
https://suchen.mobile.de/fahrzeuge/details.html?id=377888062&dam=0&isSearchRequest=true&ms=8600%3B40%3B%3B&pageNumber=3&ref=srp&refId=672db2cd-9b3a-33c2-a00f-f0fb9f5e5361&s=Car&sb=rel&searchId=672db2cd-9b3a-33c2-a00f-f0fb9f5e5361&vc=Car,189000,Ferrari 488 Spider 20Zoll Service Neu,https://suchen.mobile.de/fahrzeuge/search.html?dam=0&isSearchRequest=true&ms=8600%3B40%3B%3B&ref=quickSearch&s=Car&sb=rel&vc=Car,20240214_063805,1015,Ferrari,8600,488 Spider,40,https://suchen.mobile.de/fahrzeuge/search.html?dam=0&isSearchRequest=true&ms=8600%3B40%3B%3B&ref=quickSearch&s=Car&sb=rel&vc=Car,x
https://suchen.mobile.de/fahrzeuge/details.html?id=383733784&dam=0&isSearchRequest=true&ms=8600%3B40%3B%3B&pageNumber=3&ref=srp&refId=672db2cd-9b3a-33c2-a00f-f0fb9f5e5361&s=Car&sb=rel&searchId=672db2cd-9b3a-33c2-a00f-f0fb9f5e5361&vc=Car,225000,Ferrari FERRARI 488 Spider,https://suchen.mobile.de/fahrzeuge/search.html?dam=0&isSearchRequest=true&ms=8600%3B40%3B%3B&ref=quickSearch&s=Car&sb=rel&vc=Car,20240214_063805,1015,Ferrari,8600,488 Spider,40,https://suchen.mobile.de/fahrzeuge/search.html?dam=0&isSearchRequest=true&ms=8600%3B40%3B%3B&ref=quickSearch&s=Car&sb=rel&vc=Car,x
https://suchen.mobile.de/fahrzeuge/details.html?id=377634188&dam=0&isSearchRequest=true&ms=8600%3B40%3B%3B&pageNumber=3&ref=srp&refId=672db2cd-9b3a-33c2-a00f-f0fb9f5e5361&s=Car&sb=rel&searchId=672db2cd-9b3a-33c2-a00f-f0fb9f5e5361&vc=Car,249885,Ferrari 488 Spider - FERRARI DÜSSELDORF -,https://suchen.mobile.de/fahrzeuge/search.html?dam=0&isSearchRequest=true&ms=8600%3B40%3B%3B&ref=quickSearch&s=Car&sb=rel&vc=Car,20240214_063805,1015,Ferrari,8600,488 Spider,40,https://suchen.mobile.de/fahrzeuge/search.html?dam=0&isSearchRequest=true&ms=8600%3B40%3B%3B&ref=quickSearch&s=Car&sb=rel&vc=Car,x
https://suchen.mobile.de/fahrzeuge/details.html?id=356693273&dam=0&isSearchRequest=true&ms=8600%3B40%3B%3B&pageNumber=3&ref=srp&refId=672db2cd-9b3a-33c2-a00f-f0fb9f5e5361&s=Car&sb=rel&searchId=672db2cd-9b3a-33c2-a00f-f0fb9f5e5361&vc=Car,239850,Ferrari 488 Spider GARANTiE 08/24`RACING/SiTZE*LiFT*KAME,https://suchen.mobile.de/fahrzeuge/search.html?dam=0&isSearchRequest=true&ms=8600%3B40%3B%3B&ref=quickSearch&s=Car&sb=rel&vc=Car,20240214_063805,1015,Ferrari,8600,488 Spider,40,https://suchen.mobile.de/fahrzeuge/search.html?dam=0&isSearchRequest=true&ms=8600%3B40%3B%3B&ref=quickSearch&s=Car&sb=rel&vc=Car,x
https://suchen.mobile.de/fahrzeuge/details.html?id=380762817&dam=0&isSearchRequest=true&ms=8600%3B40%3B%3B&pageNumber=3&ref=srp&refId=672db2cd-9b3a-33c2-a00f-f0fb9f5e5361&s=Car&sb=rel&searchId=672db2cd-9b3a-33c2-a00f-f0fb9f5e5361&vc=Car,298000,Ferrari 488 Spider.Lift.Carbon.LED.1 Hand.Deutsches Auto,https://suchen.mobile.de/fahrzeuge/search.html?dam=0&isSearchRequest=true&ms=8600%3B40%3B%3B&ref=quickSearch&s=Car&sb=rel&vc=Car,20240214_063805,1015,Ferrari,8600,488 Spider,40,https://suchen.mobile.de/fahrzeuge/search.html?dam=0&isSearchRequest=true&ms=8600%3B40%3B%3B&ref=quickSearch&s=Car&sb=rel&vc=Car,x
https://suchen.mobile.de/fahrzeuge/details.html?id=383987095&dam=0&isSearchRequest=true&ms=8600%3B40%3B%3B&pageNumber=3&ref=srp&refId=672db2cd-9b3a-33c2-a00f-f0fb9f5e5361&s=Car&sb=rel&searchId=672db2cd-9b3a-33c2-a00f-f0fb9f5e5361&vc=Car,254999,Ferrari 488 Spider *READY TO HIT THE ROAD*,https://suchen.mobile.de/fahrzeuge/search.html?dam=0&isSearchRequest=true&ms=8600%3B40%3B%3B&ref=quickSearch&s=Car&sb=rel&vc=Car,20240214_063805,1015,Ferrari,8600,488 Spider,40,https://suchen.mobile.de/fahrzeuge/search.html?dam=0&isSearchRequest=true&ms=8600%3B40%3B%3B&ref=quickSearch&s=Car&sb=rel&vc=Car,x
https://suchen.mobile.de/fahrzeuge/details.html?id=381534440&dam=0&isSearchRequest=true&ms=8600%3B40%3B%3B&pageNumber=3&ref=srp&refId=672db2cd-9b3a-33c2-a00f-f0fb9f5e5361&s=Car&sb=rel&searchId=672db2cd-9b3a-33c2-a00f-f0fb9f5e5361&vc=Car,269880,Ferrari 488 Spider Goldrake Racing Sitz LEDS Lenkrad,https://suchen.mobile.de/fahrzeuge/search.html?dam=0&isSearchRequest=true&ms=8600%3B40%3B%3B&ref=quickSearch&s=Car&sb=rel&vc=Car,20240214_063805,1015,Ferrari,8600,488 Spider,40,https://suchen.mobile.de/fahrzeuge/search.html?dam=0&isSearchRequest=true&ms=8600%3B40%3B%3B&ref=quickSearch&s=Car&sb=rel&vc=Car,x
https://suchen.mobile.de/fahrzeuge/details.html?id=382269166&dam=0&isSearchRequest=true&ms=8600%3B40%3B%3B&pageNumber=3&ref=srp&refId=672db2cd-9b3a-33c2-a00f-f0fb9f5e5361&s=Car&sb=rel&searchId=672db2cd-9b3a-33c2-a00f-f0fb9f5e5361&vc=Car,239900,Ferrari 488 Spider * Approved 04/2024 * netto *,https://suchen.mobile.de/fahrzeuge/search.html?dam=0&isSearchRequest=true&ms=8600%3B40%3B%3B&ref=quickSearch&s=Car&sb=rel&vc=Car,20240214_063805,1015,Ferrari,8600,488 Spider,40,https://suchen.mobile.de/fahrzeuge/search.html?dam=0&isSearchRequest=true&ms=8600%3B40%3B%3B&ref=quickSearch&s=Car&sb=rel&vc=Car,x
https://suchen.mobile.de/fahrzeuge/details.html?id=382176817&dam=0&isSearchRequest=true&ms=8600%3B40%3B%3B&pageNumber=3&ref=srp&refId=672db2cd-9b3a-33c2-a00f-f0fb9f5e5361&s=Car&sb=rel&searchId=672db2cd-9b3a-33c2-a00f-f0fb9f5e5361&vc=Car,225000,"Ferrari FERRARI 488 Spider ""Atelier"" *GARANZIA FERRARI*",https://suchen.mobile.de/fahrzeuge/search.html?dam=0&isSearchRequest=true&ms=8600%3B40%3B%3B&ref=quickSearch&s=Car&sb=rel&vc=Car,20240214_063805,1015,Ferrari,8600,488 Spider,40,https://suchen.mobile.de/fahrzeuge/search.html?dam=0&isSearchRequest=true&ms=8600%3B40%3B%3B&ref=quickSearch&s=Car&sb=rel&vc=Car,x
https://suchen.mobile.de/fahrzeuge/details.html?id=353523033&dam=0&isSearchRequest=true&ms=8600%3B40%3B%3B&pageNumber=3&ref=srp&refId=672db2cd-9b3a-33c2-a00f-f0fb9f5e5361&s=Car&sb=rel&searchId=672db2cd-9b3a-33c2-a00f-f0fb9f5e5361&vc=Car,279900,Ferrari 488 Spider *Carbon*Lift*Kamera*,https://suchen.mobile.de/fahrzeuge/search.html?dam=0&isSearchRequest=true&ms=8600%3B40%3B%3B&ref=quickSearch&s=Car&sb=rel&vc=Car,20240214_063805,1015,Ferrari,8600,488 Spider,40,https://suchen.mobile.de/fahrzeuge/search.html?dam=0&isSearchRequest=true&ms=8600%3B40%3B%3B&ref=quickSearch&s=Car&sb=rel&vc=Car,x
https://suchen.mobile.de/fahrzeuge/details.html?id=379000408&action=eyeCatcher&dam=0&isSearchRequest=true&ms=8600%3B40%3B%3B&pageNumber=3&ref=srp&refId=672db2cd-9b3a-33c2-a00f-f0fb9f5e5361&s=Car&sb=rel&searchId=672db2cd-9b3a-33c2-a00f-f0fb9f5e5361&vc=Car,244900,Ferrari 488 Spider *Lift*AFS*Carbon St.Wheel*,https://suchen.mobile.de/fahrzeuge/search.html?dam=0&isSearchRequest=true&ms=8600%3B40%3B%3B&ref=quickSearch&s=Car&sb=rel&vc=Car,20240214_063805,1015,Ferrari,8600,488 Spider,40,https://suchen.mobile.de/fahrzeuge/search.html?dam=0&isSearchRequest=true&ms=8600%3B40%3B%3B&ref=quickSearch&s=Car&sb=rel&vc=Car,x
https://suchen.mobile.de/fahrzeuge/details.html?id=367386012&dam=0&isSearchRequest=true&ms=8600%3B40%3B%3B&pageNumber=3&ref=srp&refId=672db2cd-9b3a-33c2-a00f-f0fb9f5e5361&s=Car&sb=rel&searchId=672db2cd-9b3a-33c2-a00f-f0fb9f5e5361&vc=Car,338888,Ferrari 488 Spider / LIFT / KAMERA / KERAMIK,https://suchen.mobile.de/fahrzeuge/search.html?dam=0&isSearchRequest=true&ms=8600%3B40%3B%3B&ref=quickSearch&s=Car&sb=rel&vc=Car,20240214_063805,1015,Ferrari,8600,488 Spider,40,https://suchen.mobile.de/fahrzeuge/search.html?dam=0&isSearchRequest=true&ms=8600%3B40%3B%3B&ref=quickSearch&s=Car&sb=rel&vc=Car,x
https://suchen.mobile.de/fahrzeuge/details.html?id=354817385&dam=0&isSearchRequest=true&ms=8600%3B40%3B%3B&pageNumber=3&ref=srp&refId=672db2cd-9b3a-33c2-a00f-f0fb9f5e5361&s=Car&sb=rel&searchId=672db2cd-9b3a-33c2-a00f-f0fb9f5e5361&vc=Car,329700,Ferrari 488 Spider Carbon*Lift*Bi-Color*CCM*NEW,https://suchen.mobile.de/fahrzeuge/search.html?dam=0&isSearchRequest=true&ms=8600%3B40%3B%3B&ref=quickSearch&s=Car&sb=rel&vc=Car,20240214_063805,1015,Ferrari,8600,488 Spider,40,https://suchen.mobile.de/fahrzeuge/search.html?dam=0&isSearchRequest=true&ms=8600%3B40%3B%3B&ref=quickSearch&s=Car&sb=rel&vc=Car,x
https://suchen.mobile.de/fahrzeuge/details.html?id=381437801&dam=0&isSearchRequest=true&ms=8600%3B40%3B%3B&pageNumber=3&ref=srp&refId=672db2cd-9b3a-33c2-a00f-f0fb9f5e5361&s=Car&sb=rel&searchId=672db2cd-9b3a-33c2-a00f-f0fb9f5e5361&vc=Car,262990,Ferrari 488 Spider *FERRARI DENMARK*,https://suchen.mobile.de/fahrzeuge/search.html?dam=0&isSearchRequest=true&ms=8600%3B40%3B%3B&ref=quickSearch&s=Car&sb=rel&vc=Car,20240214_063805,1015,Ferrari,8600,488 Spider,40,https://suchen.mobile.de/fahrzeuge/search.html?dam=0&isSearchRequest=true&ms=8600%3B40%3B%3B&ref=quickSearch&s=Car&sb=rel&vc=Car,x
https://suchen.mobile.de/fahrzeuge/details.html?id=382112163&dam=0&isSearchRequest=true&ms=8600%3B40%3B%3B&pageNumber=3&ref=srp&refId=672db2cd-9b3a-33c2-a00f-f0fb9f5e5361&s=Car&sb=rel&searchId=672db2cd-9b3a-33c2-a00f-f0fb9f5e5361&vc=Car,199000,Ferrari 488 Spider -,https://suchen.mobile.de/fahrzeuge/search.html?dam=0&isSearchRequest=true&ms=8600%3B40%3B%3B&ref=quickSearch&s=Car&sb=rel&vc=Car,20240214_063805,1015,Ferrari,8600,488 Spider,40,https://suchen.mobile.de/fahrzeuge/search.html?dam=0&isSearchRequest=true&ms=8600%3B40%3B%3B&ref=quickSearch&s=Car&sb=rel&vc=Car,x
https://suchen.mobile.de/fahrzeuge/details.html?id=383986728&dam=0&isSearchRequest=true&ms=8600%3B40%3B%3B&pageNumber=3&ref=srp&refId=672db2cd-9b3a-33c2-a00f-f0fb9f5e5361&s=Car&sb=rel&searchId=672db2cd-9b3a-33c2-a00f-f0fb9f5e5361&vc=Car,274999,Ferrari 488 Spider *IT'S SIMPLY CRAZY!*,https://suchen.mobile.de/fahrzeuge/search.html?dam=0&isSearchRequest=true&ms=8600%3B40%3B%3B&ref=quickSearch&s=Car&sb=rel&vc=Car,20240214_063805,1015,Ferrari,8600,488 Spider,40,https://suchen.mobile.de/fahrzeuge/search.html?dam=0&isSearchRequest=true&ms=8600%3B40%3B%3B&ref=quickSearch&s=Car&sb=rel&vc=Car,x
https://suchen.mobile.de/fahrzeuge/details.html?id=378894101&dam=0&isSearchRequest=true&ms=8600%3B40%3B%3B&pageNumber=3&ref=srp&refId=672db2cd-9b3a-33c2-a00f-f0fb9f5e5361&s=Car&sb=rel&searchId=672db2cd-9b3a-33c2-a00f-f0fb9f5e5361&vc=Car,234900,"Ferrari 488 Spider *Full Carbon, u-frei, dt. Auto*",https://suchen.mobile.de/fahrzeuge/search.html?dam=0&isSearchRequest=true&ms=8600%3B40%3B%3B&ref=quickSearch&s=Car&sb=rel&vc=Car,20240214_063805,1015,Ferrari,8600,488 Spider,40,https://suchen.mobile.de/fahrzeuge/search.html?dam=0&isSearchRequest=true&ms=8600%3B40%3B%3B&ref=quickSearch&s=Car&sb=rel&vc=Car,x
https://suchen.mobile.de/fahrzeuge/details.html?id=346815490&dam=0&isSearchRequest=true&ms=8600%3B40%3B%3B&pageNumber=3&ref=srp&refId=672db2cd-9b3a-33c2-a00f-f0fb9f5e5361&s=Car&sb=rel&searchId=672db2cd-9b3a-33c2-a00f-f0fb9f5e5361&vc=Car,254900,Ferrari 488 Spider *2 TKM*1. HD*FERRARI GARANTIE*KD NEU*,https://suchen.mobile.de/fahrzeuge/search.html?dam=0&isSearchRequest=true&ms=8600%3B40%3B%3B&ref=quickSearch&s=Car&sb=rel&vc=Car,20240214_063805,1015,Ferrari,8600,488 Spider,40,https://suchen.mobile.de/fahrzeuge/search.html?dam=0&isSearchRequest=true&ms=8600%3B40%3B%3B&ref=quickSearch&s=Car&sb=rel&vc=Car,x
https://suchen.mobile.de/fahrzeuge/details.html?id=354970439&dam=0&isSearchRequest=true&ms=8600%3B40%3B%3B&pageNumber=4&ref=srp&refId=71cc3d83-9652-de1b-c2ae-13305609fd96&s=Car&sb=rel&searchId=71cc3d83-9652-de1b-c2ae-13305609fd96&vc=Car,319885,Ferrari 488 Spider Tailor Made 2. Hand - FERRARI DÜSSELD,https://suchen.mobile.de/fahrzeuge/search.html?dam=0&isSearchRequest=true&ms=8600%3B40%3B%3B&ref=quickSearch&s=Car&sb=rel&vc=Car,20240214_063805,1015,Ferrari,8600,488 Spider,40,https://suchen.mobile.de/fahrzeuge/search.html?dam=0&isSearchRequest=true&ms=8600%3B40%3B%3B&ref=quickSearch&s=Car&sb=rel&vc=Car,x
https://suchen.mobile.de/fahrzeuge/details.html?id=370249597&dam=0&isSearchRequest=true&ms=8600%3B40%3B%3B&pageNumber=4&ref=srp&refId=71cc3d83-9652-de1b-c2ae-13305609fd96&s=Car&sb=rel&searchId=71cc3d83-9652-de1b-c2ae-13305609fd96&vc=Car,268900,Ferrari 488 Spider*Lift*PDC*RFK*elektr. Sitze*Mwst,https://suchen.mobile.de/fahrzeuge/search.html?dam=0&isSearchRequest=true&ms=8600%3B40%3B%3B&ref=quickSearch&s=Car&sb=rel&vc=Car,20240214_063805,1015,Ferrari,8600,488 Spider,40,https://suchen.mobile.de/fahrzeuge/search.html?dam=0&isSearchRequest=true&ms=8600%3B40%3B%3B&ref=quickSearch&s=Car&sb=rel&vc=Car,x
https://suchen.mobile.de/fahrzeuge/details.html?id=384591802&dam=0&isSearchRequest=true&ms=8600%3B40%3B%3B&pageNumber=4&ref=srp&refId=71cc3d83-9652-de1b-c2ae-13305609fd96&s=Car&sb=rel&searchId=71cc3d83-9652-de1b-c2ae-13305609fd96&vc=Car,273105,"Ferrari 488 SPIDER|NOVITEC|20""LM MAT GRIGIO|JBL|LOGO|",https://suchen.mobile.de/fahrzeuge/search.html?dam=0&isSearchRequest=true&ms=8600%3B40%3B%3B&ref=quickSearch&s=Car&sb=rel&vc=Car,20240214_063805,1015,Ferrari,8600,488 Spider,40,https://suchen.mobile.de/fahrzeuge/search.html?dam=0&isSearchRequest=true&ms=8600%3B40%3B%3B&ref=quickSearch&s=Car&sb=rel&vc=Car,x
https://suchen.mobile.de/fahrzeuge/details.html?id=377019461&dam=0&isSearchRequest=true&ms=8600%3B40%3B%3B&pageNumber=4&ref=srp&refId=71cc3d83-9652-de1b-c2ae-13305609fd96&s=Car&sb=rel&searchId=71cc3d83-9652-de1b-c2ae-13305609fd96&vc=Car,284350,Ferrari 488 Spider,https://suchen.mobile.de/fahrzeuge/search.html?dam=0&isSearchRequest=true&ms=8600%3B40%3B%3B&ref=quickSearch&s=Car&sb=rel&vc=Car,20240214_063805,1015,Ferrari,8600,488 Spider,40,https://suchen.mobile.de/fahrzeuge/search.html?dam=0&isSearchRequest=true&ms=8600%3B40%3B%3B&ref=quickSearch&s=Car&sb=rel&vc=Car,x
https://suchen.mobile.de/fahrzeuge/details.html?id=382708304&dam=0&isSearchRequest=true&ms=8600%3B40%3B%3B&pageNumber=4&ref=srp&refId=71cc3d83-9652-de1b-c2ae-13305609fd96&s=Car&sb=rel&searchId=71cc3d83-9652-de1b-c2ae-13305609fd96&vc=Car,284900,Ferrari 488 Spider Ferrari Singen,https://suchen.mobile.de/fahrzeuge/search.html?dam=0&isSearchRequest=true&ms=8600%3B40%3B%3B&ref=quickSearch&s=Car&sb=rel&vc=Car,20240214_063805,1015,Ferrari,8600,488 Spider,40,https://suchen.mobile.de/fahrzeuge/search.html?dam=0&isSearchRequest=true&ms=8600%3B40%3B%3B&ref=quickSearch&s=Car&sb=rel&vc=Car,x
https://suchen.mobile.de/fahrzeuge/details.html?id=382075972&dam=0&isSearchRequest=true&ms=8600%3B40%3B%3B&pageNumber=4&ref=srp&refId=71cc3d83-9652-de1b-c2ae-13305609fd96&s=Car&sb=rel&searchId=71cc3d83-9652-de1b-c2ae-13305609fd96&vc=Car,284410,Ferrari 488 Spider *FERRARI DENMARK*,https://suchen.mobile.de/fahrzeuge/search.html?dam=0&isSearchRequest=true&ms=8600%3B40%3B%3B&ref=quickSearch&s=Car&sb=rel&vc=Car,20240214_063805,1015,Ferrari,8600,488 Spider,40,https://suchen.mobile.de/fahrzeuge/search.html?dam=0&isSearchRequest=true&ms=8600%3B40%3B%3B&ref=quickSearch&s=Car&sb=rel&vc=Car,x
https://suchen.mobile.de/fahrzeuge/details.html?id=375567990&dam=0&isSearchRequest=true&ms=8600%3B40%3B%3B&pageNumber=4&ref=srp&refId=71cc3d83-9652-de1b-c2ae-13305609fd96&s=Car&sb=rel&searchId=71cc3d83-9652-de1b-c2ae-13305609fd96&vc=Car,349900,Ferrari 488 Spider *Tailor Made Collection 70th Anniv.*,https://suchen.mobile.de/fahrzeuge/search.html?dam=0&isSearchRequest=true&ms=8600%3B40%3B%3B&ref=quickSearch&s=Car&sb=rel&vc=Car,20240214_063805,1015,Ferrari,8600,488 Spider,40,https://suchen.mobile.de/fahrzeuge/search.html?dam=0&isSearchRequest=true&ms=8600%3B40%3B%3B&ref=quickSearch&s=Car&sb=rel&vc=Car,x
https://suchen.mobile.de/fahrzeuge/details.html?id=384809673&dam=0&isSearchRequest=true&ms=8600%3B40%3B%3B&pageNumber=4&ref=srp&refId=71cc3d83-9652-de1b-c2ae-13305609fd96&s=Car&sb=rel&searchId=71cc3d83-9652-de1b-c2ae-13305609fd96&vc=Car,245000,Ferrari 488 Spider 4.0 V8 670ch -,https://suchen.mobile.de/fahrzeuge/search.html?dam=0&isSearchRequest=true&ms=8600%3B40%3B%3B&ref=quickSearch&s=Car&sb=rel&vc=Car,20240214_063805,1015,Ferrari,8600,488 Spider,40,https://suchen.mobile.de/fahrzeuge/search.html?dam=0&isSearchRequest=true&ms=8600%3B40%3B%3B&ref=quickSearch&s=Car&sb=rel&vc=Car,x
https://suchen.mobile.de/fahrzeuge/details.html?id=383694158&dam=0&isSearchRequest=true&ms=8600%3B40%3B%3B&pageNumber=4&ref=srp&refId=71cc3d83-9652-de1b-c2ae-13305609fd96&s=Car&sb=rel&searchId=71cc3d83-9652-de1b-c2ae-13305609fd96&vc=Car,339000,Ferrari 488 Spider Sondermodell 70 Anni / 1 of 1,https://suchen.mobile.de/fahrzeuge/search.html?dam=0&isSearchRequest=true&ms=8600%3B40%3B%3B&ref=quickSearch&s=Car&sb=rel&vc=Car,20240214_063805,1015,Ferrari,8600,488 Spider,40,https://suchen.mobile.de/fahrzeuge/search.html?dam=0&isSearchRequest=true&ms=8600%3B40%3B%3B&ref=quickSearch&s=Car&sb=rel&vc=Car,x
https://suchen.mobile.de/fahrzeuge/details.html?id=382308226&dam=0&isSearchRequest=true&ms=8600%3B40%3B%3B&pageNumber=4&ref=srp&refId=71cc3d83-9652-de1b-c2ae-13305609fd96&s=Car&sb=rel&searchId=71cc3d83-9652-de1b-c2ae-13305609fd96&vc=Car,239190,Ferrari 488 Spider Spider -,https://suchen.mobile.de/fahrzeuge/search.html?dam=0&isSearchRequest=true&ms=8600%3B40%3B%3B&ref=quickSearch&s=Car&sb=rel&vc=Car,20240214_063805,1015,Ferrari,8600,488 Spider,40,https://suchen.mobile.de/fahrzeuge/search.html?dam=0&isSearchRequest=true&ms=8600%3B40%3B%3B&ref=quickSearch&s=Car&sb=rel&vc=Car,x
https://suchen.mobile.de/fahrzeuge/details.html?id=383692932&dam=0&isSearchRequest=true&ms=8600%3B40%3B%3B&pageNumber=4&ref=srp&refId=71cc3d83-9652-de1b-c2ae-13305609fd96&s=Car&sb=rel&searchId=71cc3d83-9652-de1b-c2ae-13305609fd96&vc=Car,249900,Ferrari 488 Spider Spider DCT,https://suchen.mobile.de/fahrzeuge/search.html?dam=0&isSearchRequest=true&ms=8600%3B40%3B%3B&ref=quickSearch&s=Car&sb=rel&vc=Car,20240214_063805,1015,Ferrari,8600,488 Spider,40,https://suchen.mobile.de/fahrzeuge/search.html?dam=0&isSearchRequest=true&ms=8600%3B40%3B%3B&ref=quickSearch&s=Car&sb=rel&vc=Car,x
https://suchen.mobile.de/fahrzeuge/details.html?id=368982699&dam=0&isSearchRequest=true&ms=8600%3B40%3B%3B&pageNumber=4&ref=srp&refId=71cc3d83-9652-de1b-c2ae-13305609fd96&s=Car&sb=rel&searchId=71cc3d83-9652-de1b-c2ae-13305609fd96&vc=Car,232900,Ferrari 488 Spider Spider,https://suchen.mobile.de/fahrzeuge/search.html?dam=0&isSearchRequest=true&ms=8600%3B40%3B%3B&ref=quickSearch&s=Car&sb=rel&vc=Car,20240214_063805,1015,Ferrari,8600,488 Spider,40,https://suchen.mobile.de/fahrzeuge/search.html?dam=0&isSearchRequest=true&ms=8600%3B40%3B%3B&ref=quickSearch&s=Car&sb=rel&vc=Car,x
https://suchen.mobile.de/fahrzeuge/details.html?id=381214154&dam=0&isSearchRequest=true&ms=8600%3B40%3B%3B&pageNumber=4&ref=srp&refId=71cc3d83-9652-de1b-c2ae-13305609fd96&s=Car&sb=rel&searchId=71cc3d83-9652-de1b-c2ae-13305609fd96&vc=Car,259500,Ferrari 488 Spider 4.0 V8 670CH -,https://suchen.mobile.de/fahrzeuge/search.html?dam=0&isSearchRequest=true&ms=8600%3B40%3B%3B&ref=quickSearch&s=Car&sb=rel&vc=Car,20240214_063805,1015,Ferrari,8600,488 Spider,40,https://suchen.mobile.de/fahrzeuge/search.html?dam=0&isSearchRequest=true&ms=8600%3B40%3B%3B&ref=quickSearch&s=Car&sb=rel&vc=Car,x
https://suchen.mobile.de/fahrzeuge/details.html?id=382518686&dam=0&isSearchRequest=true&ms=8600%3B40%3B%3B&pageNumber=4&ref=srp&refId=71cc3d83-9652-de1b-c2ae-13305609fd96&s=Car&sb=rel&searchId=71cc3d83-9652-de1b-c2ae-13305609fd96&vc=Car,259500,Ferrari 488 Spider 4.0 V8 670ch -,https://suchen.mobile.de/fahrzeuge/search.html?dam=0&isSearchRequest=true&ms=8600%3B40%3B%3B&ref=quickSearch&s=Car&sb=rel&vc=Car,20240214_063805,1015,Ferrari,8600,488 Spider,40,https://suchen.mobile.de/fahrzeuge/search.html?dam=0&isSearchRequest=true&ms=8600%3B40%3B%3B&ref=quickSearch&s=Car&sb=rel&vc=Car,x
https://suchen.mobile.de/fahrzeuge/details.html?id=384217178&dam=0&isSearchRequest=true&ms=8600%3B40%3B%3B&pageNumber=4&ref=srp&refId=71cc3d83-9652-de1b-c2ae-13305609fd96&s=Car&sb=rel&searchId=71cc3d83-9652-de1b-c2ae-13305609fd96&vc=Car,249900,Ferrari FERRARI 488 Spider,https://suchen.mobile.de/fahrzeuge/search.html?dam=0&isSearchRequest=true&ms=8600%3B40%3B%3B&ref=quickSearch&s=Car&sb=rel&vc=Car,20240214_063805,1015,Ferrari,8600,488 Spider,40,https://suchen.mobile.de/fahrzeuge/search.html?dam=0&isSearchRequest=true&ms=8600%3B40%3B%3B&ref=quickSearch&s=Car&sb=rel&vc=Car,x
https://suchen.mobile.de/fahrzeuge/details.html?id=382623237&dam=0&isSearchRequest=true&ms=8600%3B40%3B%3B&pageNumber=4&ref=srp&refId=71cc3d83-9652-de1b-c2ae-13305609fd96&s=Car&sb=rel&searchId=71cc3d83-9652-de1b-c2ae-13305609fd96&vc=Car,247900,Ferrari 488 Spider voll karbon innen top zustand lift,https://suchen.mobile.de/fahrzeuge/search.html?dam=0&isSearchRequest=true&ms=8600%3B40%3B%3B&ref=quickSearch&s=Car&sb=rel&vc=Car,20240214_063805,1015,Ferrari,8600,488 Spider,40,https://suchen.mobile.de/fahrzeuge/search.html?dam=0&isSearchRequest=true&ms=8600%3B40%3B%3B&ref=quickSearch&s=Car&sb=rel&vc=Car,x
https://suchen.mobile.de/fahrzeuge/details.html?id=384463527&dam=0&isSearchRequest=true&ms=8600%3B40%3B%3B&pageNumber=4&ref=srp&refId=71cc3d83-9652-de1b-c2ae-13305609fd96&s=Car&sb=rel&searchId=71cc3d83-9652-de1b-c2ae-13305609fd96&vc=Car,259000,Ferrari 488 Spider Spider,https://suchen.mobile.de/fahrzeuge/search.html?dam=0&isSearchRequest=true&ms=8600%3B40%3B%3B&ref=quickSearch&s=Car&sb=rel&vc=Car,20240214_063805,1015,Ferrari,8600,488 Spider,40,https://suchen.mobile.de/fahrzeuge/search.html?dam=0&isSearchRequest=true&ms=8600%3B40%3B%3B&ref=quickSearch&s=Car&sb=rel&vc=Car,x
https://suchen.mobile.de/fahrzeuge/details.html?id=379548907&dam=0&isSearchRequest=true&ms=8600%3B40%3B%3B&pageNumber=4&ref=srp&refId=71cc3d83-9652-de1b-c2ae-13305609fd96&s=Car&sb=rel&searchId=71cc3d83-9652-de1b-c2ae-13305609fd96&vc=Car,264900,Ferrari 488 Spider*21-Zoll*Novitec*Lift*Display*LED´s*,https://suchen.mobile.de/fahrzeuge/search.html?dam=0&isSearchRequest=true&ms=8600%3B40%3B%3B&ref=quickSearch&s=Car&sb=rel&vc=Car,20240214_063805,1015,Ferrari,8600,488 Spider,40,https://suchen.mobile.de/fahrzeuge/search.html?dam=0&isSearchRequest=true&ms=8600%3B40%3B%3B&ref=quickSearch&s=Car&sb=rel&vc=Car,x
https://suchen.mobile.de/fahrzeuge/details.html?id=384755164&dam=0&isSearchRequest=true&ms=8600%3B40%3B%3B&pageNumber=4&ref=srp&refId=71cc3d83-9652-de1b-c2ae-13305609fd96&s=Car&sb=rel&searchId=71cc3d83-9652-de1b-c2ae-13305609fd96&vc=Car,275000,"Ferrari 488 Spider 3.9 , Tailor Made, Full Carbon, Grigi",https://suchen.mobile.de/fahrzeuge/search.html?dam=0&isSearchRequest=true&ms=8600%3B40%3B%3B&ref=quickSearch&s=Car&sb=rel&vc=Car,20240214_063805,1015,Ferrari,8600,488 Spider,40,https://suchen.mobile.de/fahrzeuge/search.html?dam=0&isSearchRequest=true&ms=8600%3B40%3B%3B&ref=quickSearch&s=Car&sb=rel&vc=Car,x
https://suchen.mobile.de/fahrzeuge/details.html?id=383947630&dam=0&isSearchRequest=true&ms=8600%3B40%3B%3B&pageNumber=4&ref=srp&refId=71cc3d83-9652-de1b-c2ae-13305609fd96&s=Car&sb=rel&searchId=71cc3d83-9652-de1b-c2ae-13305609fd96&vc=Car,279500,Ferrari 488 Spider 4.0 V8 670ch -,https://suchen.mobile.de/fahrzeuge/search.html?dam=0&isSearchRequest=true&ms=8600%3B40%3B%3B&ref=quickSearch&s=Car&sb=rel&vc=Car,20240214_063805,1015,Ferrari,8600,488 Spider,40,https://suchen.mobile.de/fahrzeuge/search.html?dam=0&isSearchRequest=true&ms=8600%3B40%3B%3B&ref=quickSearch&s=Car&sb=rel&vc=Car,x
https://suchen.mobile.de/fahrzeuge/details.html?id=367049626&dam=0&isSearchRequest=true&ms=8600%3B40%3B%3B&pageNumber=5&ref=srp&refId=36746ccd-6b6e-2f17-3e60-8b9e034f3538&s=Car&sb=rel&searchId=36746ccd-6b6e-2f17-3e60-8b9e034f3538&vc=Car,228900,Ferrari 488 Spider*LIFT*KAM*JBL*SHZ*KLAPPENAUSPUFF*XENON,https://suchen.mobile.de/fahrzeuge/search.html?dam=0&isSearchRequest=true&ms=8600%3B40%3B%3B&ref=quickSearch&s=Car&sb=rel&vc=Car,20240214_063805,1015,Ferrari,8600,488 Spider,40,https://suchen.mobile.de/fahrzeuge/search.html?dam=0&isSearchRequest=true&ms=8600%3B40%3B%3B&ref=quickSearch&s=Car&sb=rel&vc=Car,x
https://suchen.mobile.de/fahrzeuge/details.html?id=379279413&dam=0&isSearchRequest=true&ms=8600%3B40%3B%3B&pageNumber=5&ref=srp&refId=36746ccd-6b6e-2f17-3e60-8b9e034f3538&s=Car&sb=rel&searchId=36746ccd-6b6e-2f17-3e60-8b9e034f3538&vc=Car,263900,Ferrari 488 Spider,https://suchen.mobile.de/fahrzeuge/search.html?dam=0&isSearchRequest=true&ms=8600%3B40%3B%3B&ref=quickSearch&s=Car&sb=rel&vc=Car,20240214_063805,1015,Ferrari,8600,488 Spider,40,https://suchen.mobile.de/fahrzeuge/search.html?dam=0&isSearchRequest=true&ms=8600%3B40%3B%3B&ref=quickSearch&s=Car&sb=rel&vc=Car,x
https://suchen.mobile.de/fahrzeuge/details.html?id=380767489&dam=0&isSearchRequest=true&ms=8600%3B40%3B%3B&pageNumber=5&ref=srp&refId=36746ccd-6b6e-2f17-3e60-8b9e034f3538&s=Car&sb=rel&searchId=36746ccd-6b6e-2f17-3e60-8b9e034f3538&vc=Car,279000,Ferrari 488 GTS SPIDER CARBON PPF,https://suchen.mobile.de/fahrzeuge/search.html?dam=0&isSearchRequest=true&ms=8600%3B40%3B%3B&ref=quickSearch&s=Car&sb=rel&vc=Car,20240214_063805,1015,Ferrari,8600,488 Spider,40,https://suchen.mobile.de/fahrzeuge/search.html?dam=0&isSearchRequest=true&ms=8600%3B40%3B%3B&ref=quickSearch&s=Car&sb=rel&vc=Car,x
https://suchen.mobile.de/fahrzeuge/details.html?id=381485945&dam=0&isSearchRequest=true&ms=8600%3B40%3B%3B&pageNumber=5&ref=srp&refId=36746ccd-6b6e-2f17-3e60-8b9e034f3538&s=Car&sb=rel&searchId=36746ccd-6b6e-2f17-3e60-8b9e034f3538&vc=Car,297500,"Ferrari 488 Spider*Carbon*LIFT*Camera*Tailor Made*20""",https://suchen.mobile.de/fahrzeuge/search.html?dam=0&isSearchRequest=true&ms=8600%3B40%3B%3B&ref=quickSearch&s=Car&sb=rel&vc=Car,20240214_063805,1015,Ferrari,8600,488 Spider,40,https://suchen.mobile.de/fahrzeuge/search.html?dam=0&isSearchRequest=true&ms=8600%3B40%3B%3B&ref=quickSearch&s=Car&sb=rel&vc=Car,x
https://suchen.mobile.de/fahrzeuge/details.html?id=364043712&dam=0&isSearchRequest=true&ms=8600%3B40%3B%3B&pageNumber=5&ref=srp&refId=36746ccd-6b6e-2f17-3e60-8b9e034f3538&s=Car&sb=rel&searchId=36746ccd-6b6e-2f17-3e60-8b9e034f3538&vc=Car,309900,Ferrari 488 Spider Spider,https://suchen.mobile.de/fahrzeuge/search.html?dam=0&isSearchRequest=true&ms=8600%3B40%3B%3B&ref=quickSearch&s=Car&sb=rel&vc=Car,20240214_063805,1015,Ferrari,8600,488 Spider,40,https://suchen.mobile.de/fahrzeuge/search.html?dam=0&isSearchRequest=true&ms=8600%3B40%3B%3B&ref=quickSearch&s=Car&sb=rel&vc=Car,x
https://suchen.mobile.de/fahrzeuge/details.html?id=369117577&dam=0&isSearchRequest=true&ms=8600%3B40%3B%3B&pageNumber=5&ref=srp&refId=36746ccd-6b6e-2f17-3e60-8b9e034f3538&s=Car&sb=rel&searchId=36746ccd-6b6e-2f17-3e60-8b9e034f3538&vc=Car,329990,Ferrari 488 Spider Novitec Carbon Werksgarantie 3/25   ,https://suchen.mobile.de/fahrzeuge/search.html?dam=0&isSearchRequest=true&ms=8600%3B40%3B%3B&ref=quickSearch&s=Car&sb=rel&vc=Car,20240214_063805,1015,Ferrari,8600,488 Spider,40,https://suchen.mobile.de/fahrzeuge/search.html?dam=0&isSearchRequest=true&ms=8600%3B40%3B%3B&ref=quickSearch&s=Car&sb=rel&vc=Car,x
https://suchen.mobile.de/fahrzeuge/details.html?id=384700315&dam=0&isSearchRequest=true&ms=8600%3B40%3B%3B&pageNumber=5&ref=srp&refId=36746ccd-6b6e-2f17-3e60-8b9e034f3538&s=Car&sb=rel&searchId=36746ccd-6b6e-2f17-3e60-8b9e034f3538&vc=Car,240000,Ferrari Ferrari 488 Spider,https://suchen.mobile.de/fahrzeuge/search.html?dam=0&isSearchRequest=true&ms=8600%3B40%3B%3B&ref=quickSearch&s=Car&sb=rel&vc=Car,20240214_063805,1015,Ferrari,8600,488 Spider,40,https://suchen.mobile.de/fahrzeuge/search.html?dam=0&isSearchRequest=true&ms=8600%3B40%3B%3B&ref=quickSearch&s=Car&sb=rel&vc=Car,x
https://suchen.mobile.de/fahrzeuge/details.html?id=365926787&dam=0&isSearchRequest=true&ms=8600%3B40%3B%3B&pageNumber=5&ref=srp&refId=36746ccd-6b6e-2f17-3e60-8b9e034f3538&s=Car&sb=rel&searchId=36746ccd-6b6e-2f17-3e60-8b9e034f3538&vc=Car,323000,"Ferrari 488 Spider 1.290 KM CARBON SITZ, LIFT, JBL, VOLL",https://suchen.mobile.de/fahrzeuge/search.html?dam=0&isSearchRequest=true&ms=8600%3B40%3B%3B&ref=quickSearch&s=Car&sb=rel&vc=Car,20240214_063805,1015,Ferrari,8600,488 Spider,40,https://suchen.mobile.de/fahrzeuge/search.html?dam=0&isSearchRequest=true&ms=8600%3B40%3B%3B&ref=quickSearch&s=Car&sb=rel&vc=Car,x
